<application>
  <component name="libraryTable">
    <library name="Python 3.7 interpreter library">
      <CLASSES />
      <JAVADOC />
      <SOURCES />
    </library>
    <library name="scala-sdk-2.11.8" type="Scala">
      <properties>
        <language-level>Scala_2_11</language-level>
        <compiler-classpath>
          <root url="file://C:/Developing/scala-2.11.8/lib/scala-compiler.jar" />
          <root url="file://C:/Developing/scala-2.11.8/lib/scala-library.jar" />
          <root url="file://C:/Developing/scala-2.11.8/lib/scala-reflect.jar" />
        </compiler-classpath>
      </properties>
      <CLASSES>
        <root url="jar://C:/Developing/scala-2.11.8/lib/scala-actors-2.11.0.jar!/" />
        <root url="jar://C:/Developing/scala-2.11.8/lib/scala-actors-migration_2.11-1.1.0.jar!/" />
        <root url="jar://C:/Developing/scala-2.11.8/lib/scala-library.jar!/" />
        <root url="jar://C:/Developing/scala-2.11.8/lib/scala-parser-combinators_2.11-1.0.4.jar!/" />
        <root url="jar://C:/Developing/scala-2.11.8/lib/scala-reflect.jar!/" />
        <root url="jar://C:/Developing/scala-2.11.8/lib/scala-swing_2.11-1.0.2.jar!/" />
        <root url="jar://C:/Developing/scala-2.11.8/lib/scala-xml_2.11-1.0.4.jar!/" />
      </CLASSES>
      <JAVADOC>
        <root url="http://www.scala-lang.org/api/2.11.8/" />
      </JAVADOC>
      <SOURCES>
        <root url="file://C:/Developing/scala-2.11.8/scala-2.11.8/src/actors" />
        <root url="file://C:/Developing/scala-2.11.8/scala-2.11.8/src/forkjoin" />
        <root url="file://C:/Developing/scala-2.11.8/scala-2.11.8/src/library" />
        <root url="file://C:/Developing/scala-2.11.8/scala-2.11.8/src/partest-extras" />
        <root url="file://C:/Developing/scala-2.11.8/scala-2.11.8/src/partest-javaagent" />
        <root url="file://C:/Developing/scala-2.11.8/scala-2.11.8/src/repl" />
        <root url="file://C:/Developing/scala-2.11.8/scala-2.11.8/test/disabled/pos/t1737" />
        <root url="file://C:/Developing/scala-2.11.8/scala-2.11.8/test/disabled/presentation/akka/src" />
        <root url="file://C:/Developing/scala-2.11.8/scala-2.11.8/test/files/jvm" />
        <root url="file://C:/Developing/scala-2.11.8/scala-2.11.8/test/files/jvm/deprecation" />
        <root url="file://C:/Developing/scala-2.11.8/scala-2.11.8/test/files/jvm/duration-java" />
        <root url="file://C:/Developing/scala-2.11.8/scala-2.11.8/test/files/jvm/t1143-2" />
        <root url="file://C:/Developing/scala-2.11.8/scala-2.11.8/test/files/jvm/t1342" />
        <root url="file://C:/Developing/scala-2.11.8/scala-2.11.8/test/files/jvm/t1464" />
        <root url="file://C:/Developing/scala-2.11.8/scala-2.11.8/test/files/jvm/t2163" />
        <root url="file://C:/Developing/scala-2.11.8/scala-2.11.8/test/files/jvm/t2470" />
        <root url="file://C:/Developing/scala-2.11.8/scala-2.11.8/test/files/jvm/t2570" />
        <root url="file://C:/Developing/scala-2.11.8/scala-2.11.8/test/files/jvm/t2585" />
        <root url="file://C:/Developing/scala-2.11.8/scala-2.11.8/test/files/jvm/t3003" />
        <root url="file://C:/Developing/scala-2.11.8/scala-2.11.8/test/files/jvm/t3415" />
        <root url="file://C:/Developing/scala-2.11.8/scala-2.11.8/test/files/jvm/t7253" />
        <root url="file://C:/Developing/scala-2.11.8/scala-2.11.8/test/files/jvm/varargs" />
        <root url="file://C:/Developing/scala-2.11.8/scala-2.11.8/test/files/neg/abstract-class-error" />
        <root url="file://C:/Developing/scala-2.11.8/scala-2.11.8/test/files/neg/primitive-sigs-1" />
        <root url="file://C:/Developing/scala-2.11.8/scala-2.11.8/test/files/neg/raw-types-stubs" />
        <root url="file://C:/Developing/scala-2.11.8/scala-2.11.8/test/files/neg/t0673" />
        <root url="file://C:/Developing/scala-2.11.8/scala-2.11.8/test/files/neg/t2442" />
        <root url="file://C:/Developing/scala-2.11.8/scala-2.11.8/test/files/neg/t4851" />
        <root url="file://C:/Developing/scala-2.11.8/scala-2.11.8/test/files/neg/t6013" />
        <root url="file://C:/Developing/scala-2.11.8/scala-2.11.8/test/files/neg/t6289" />
        <root url="file://C:/Developing/scala-2.11.8/scala-2.11.8/test/files/neg/t750" />
        <root url="file://C:/Developing/scala-2.11.8/scala-2.11.8/test/files/neg/t750b" />
        <root url="file://C:/Developing/scala-2.11.8/scala-2.11.8/test/files/neg/t8244" />
        <root url="file://C:/Developing/scala-2.11.8/scala-2.11.8/test/files/neg/t8244e" />
        <root url="file://C:/Developing/scala-2.11.8/scala-2.11.8/test/files/neg/t8376" />
        <root url="file://C:/Developing/scala-2.11.8/scala-2.11.8/test/files/pos" />
        <root url="file://C:/Developing/scala-2.11.8/scala-2.11.8/test/files/pos/ilya2" />
        <root url="file://C:/Developing/scala-2.11.8/scala-2.11.8/test/files/pos/super" />
        <root url="file://C:/Developing/scala-2.11.8/scala-2.11.8/test/files/pos/t0695" />
        <root url="file://C:/Developing/scala-2.11.8/scala-2.11.8/test/files/pos/t1101" />
        <root url="file://C:/Developing/scala-2.11.8/scala-2.11.8/test/files/pos/t1102" />
        <root url="file://C:/Developing/scala-2.11.8/scala-2.11.8/test/files/pos/t1150" />
        <root url="file://C:/Developing/scala-2.11.8/scala-2.11.8/test/files/pos/t1152" />
        <root url="file://C:/Developing/scala-2.11.8/scala-2.11.8/test/files/pos/t1176" />
        <root url="file://C:/Developing/scala-2.11.8/scala-2.11.8/test/files/pos/t1186" />
        <root url="file://C:/Developing/scala-2.11.8/scala-2.11.8/test/files/pos/t1196" />
        <root url="file://C:/Developing/scala-2.11.8/scala-2.11.8/test/files/pos/t1197" />
        <root url="file://C:/Developing/scala-2.11.8/scala-2.11.8/test/files/pos/t1230" />
        <root url="file://C:/Developing/scala-2.11.8/scala-2.11.8/test/files/pos/t1231" />
        <root url="file://C:/Developing/scala-2.11.8/scala-2.11.8/test/files/pos/t1232" />
        <root url="file://C:/Developing/scala-2.11.8/scala-2.11.8/test/files/pos/t1235" />
        <root url="file://C:/Developing/scala-2.11.8/scala-2.11.8/test/files/pos/t1254" />
        <root url="file://C:/Developing/scala-2.11.8/scala-2.11.8/test/files/pos/t1409" />
        <root url="file://C:/Developing/scala-2.11.8/scala-2.11.8/test/files/pos/t1642" />
        <root url="file://C:/Developing/scala-2.11.8/scala-2.11.8/test/files/pos/t1711" />
        <root url="file://C:/Developing/scala-2.11.8/scala-2.11.8/test/files/pos/t1745" />
        <root url="file://C:/Developing/scala-2.11.8/scala-2.11.8/test/files/pos/t1751" />
        <root url="file://C:/Developing/scala-2.11.8/scala-2.11.8/test/files/pos/t1782" />
        <root url="file://C:/Developing/scala-2.11.8/scala-2.11.8/test/files/pos/t1836" />
        <root url="file://C:/Developing/scala-2.11.8/scala-2.11.8/test/files/pos/t2377" />
        <root url="file://C:/Developing/scala-2.11.8/scala-2.11.8/test/files/pos/t2409" />
        <root url="file://C:/Developing/scala-2.11.8/scala-2.11.8/test/files/pos/t2433" />
        <root url="file://C:/Developing/scala-2.11.8/scala-2.11.8/test/files/pos/t2464" />
        <root url="file://C:/Developing/scala-2.11.8/scala-2.11.8/test/files/pos/t294" />
        <root url="file://C:/Developing/scala-2.11.8/scala-2.11.8/test/files/pos/t2940" />
        <root url="file://C:/Developing/scala-2.11.8/scala-2.11.8/test/files/pos/t2956" />
        <root url="file://C:/Developing/scala-2.11.8/scala-2.11.8/test/files/pos/t3120" />
        <root url="file://C:/Developing/scala-2.11.8/scala-2.11.8/test/files/pos/t3249" />
        <root url="file://C:/Developing/scala-2.11.8/scala-2.11.8/test/files/pos/t3349" />
        <root url="file://C:/Developing/scala-2.11.8/scala-2.11.8/test/files/pos/t3404" />
        <root url="file://C:/Developing/scala-2.11.8/scala-2.11.8/test/files/pos/t3429" />
        <root url="file://C:/Developing/scala-2.11.8/scala-2.11.8/test/files/pos/t3486" />
        <root url="file://C:/Developing/scala-2.11.8/scala-2.11.8/test/files/pos/t3521" />
        <root url="file://C:/Developing/scala-2.11.8/scala-2.11.8/test/files/pos/t3567" />
        <root url="file://C:/Developing/scala-2.11.8/scala-2.11.8/test/files/pos/t3642" />
        <root url="file://C:/Developing/scala-2.11.8/scala-2.11.8/test/files/pos/t3938" />
        <root url="file://C:/Developing/scala-2.11.8/scala-2.11.8/test/files/pos/t3943" />
        <root url="file://C:/Developing/scala-2.11.8/scala-2.11.8/test/files/pos/t4603" />
        <root url="file://C:/Developing/scala-2.11.8/scala-2.11.8/test/files/pos/t4744" />
        <root url="file://C:/Developing/scala-2.11.8/scala-2.11.8/test/files/pos/t5165" />
        <root url="file://C:/Developing/scala-2.11.8/scala-2.11.8/test/files/pos/t5703" />
        <root url="file://C:/Developing/scala-2.11.8/scala-2.11.8/test/files/pos/t5957" />
        <root url="file://C:/Developing/scala-2.11.8/scala-2.11.8/test/files/pos/t6169" />
        <root url="file://C:/Developing/scala-2.11.8/scala-2.11.8/test/files/pos/t942" />
        <root url="file://C:/Developing/scala-2.11.8/scala-2.11.8/test/files/presentation/ide-bug-1000469/src" />
        <root url="file://C:/Developing/scala-2.11.8/scala-2.11.8/test/files/presentation/ide-bug-1000531/src" />
        <root url="file://C:/Developing/scala-2.11.8/scala-2.11.8/test/files/res/t6613" />
        <root url="file://C:/Developing/scala-2.11.8/scala-2.11.8/test/files/run/bcodeInlinerMixed" />
        <root url="file://C:/Developing/scala-2.11.8/scala-2.11.8/test/files/run/reflection-fancy-java-classes" />
        <root url="file://C:/Developing/scala-2.11.8/scala-2.11.8/test/files/run/reflection-java-annotations" />
        <root url="file://C:/Developing/scala-2.11.8/scala-2.11.8/test/files/run/reflection-java-crtp" />
        <root url="file://C:/Developing/scala-2.11.8/scala-2.11.8/test/files/run/t3452a" />
        <root url="file://C:/Developing/scala-2.11.8/scala-2.11.8/test/files/run/t3452b" />
        <root url="file://C:/Developing/scala-2.11.8/scala-2.11.8/test/files/run/t3452b-bcode" />
        <root url="file://C:/Developing/scala-2.11.8/scala-2.11.8/test/files/run/t3452d" />
        <root url="file://C:/Developing/scala-2.11.8/scala-2.11.8/test/files/run/t3452e" />
        <root url="file://C:/Developing/scala-2.11.8/scala-2.11.8/test/files/run/t3452g" />
        <root url="file://C:/Developing/scala-2.11.8/scala-2.11.8/test/files/run/t3897" />
        <root url="file://C:/Developing/scala-2.11.8/scala-2.11.8/test/files/run/t4238" />
        <root url="file://C:/Developing/scala-2.11.8/scala-2.11.8/test/files/run/t4317" />
        <root url="file://C:/Developing/scala-2.11.8/scala-2.11.8/test/files/run/t4729" />
        <root url="file://C:/Developing/scala-2.11.8/scala-2.11.8/test/files/run/t4788" />
        <root url="file://C:/Developing/scala-2.11.8/scala-2.11.8/test/files/run/t4788-separate-compilation" />
        <root url="file://C:/Developing/scala-2.11.8/scala-2.11.8/test/files/run/t4891" />
        <root url="file://C:/Developing/scala-2.11.8/scala-2.11.8/test/files/run/t6168" />
        <root url="file://C:/Developing/scala-2.11.8/scala-2.11.8/test/files/run/t6168b" />
        <root url="file://C:/Developing/scala-2.11.8/scala-2.11.8/test/files/run/t6240a" />
        <root url="file://C:/Developing/scala-2.11.8/scala-2.11.8/test/files/run/t6240b" />
        <root url="file://C:/Developing/scala-2.11.8/scala-2.11.8/test/files/run/t6548" />
        <root url="file://C:/Developing/scala-2.11.8/scala-2.11.8/test/files/run/t7008" />
        <root url="file://C:/Developing/scala-2.11.8/scala-2.11.8/test/files/run/t7246" />
        <root url="file://C:/Developing/scala-2.11.8/scala-2.11.8/test/files/run/t7246b" />
        <root url="file://C:/Developing/scala-2.11.8/scala-2.11.8/test/files/run/t7359" />
        <root url="file://C:/Developing/scala-2.11.8/scala-2.11.8/test/files/run/t7374" />
        <root url="file://C:/Developing/scala-2.11.8/scala-2.11.8/test/files/run/t7439" />
        <root url="file://C:/Developing/scala-2.11.8/scala-2.11.8/test/files/run/t7455" />
        <root url="file://C:/Developing/scala-2.11.8/scala-2.11.8/test/files/run/t7741a" />
        <root url="file://C:/Developing/scala-2.11.8/scala-2.11.8/test/files/run/t7741b" />
        <root url="file://C:/Developing/scala-2.11.8/scala-2.11.8/test/files/run/t8442" />
        <root url="file://C:/Developing/scala-2.11.8/scala-2.11.8/test/files/run/t8601e" />
        <root url="file://C:/Developing/scala-2.11.8/scala-2.11.8/test/files/run/t9268" />
        <root url="file://C:/Developing/scala-2.11.8/scala-2.11.8/test/files/run/t9298" />
        <root url="file://C:/Developing/scala-2.11.8/scala-2.11.8/test/files/run/t9298b" />
        <root url="file://C:/Developing/scala-2.11.8/scala-2.11.8/test/files/run/t9359" />
        <root url="file://C:/Developing/scala-2.11.8/scala-2.11.8/test/files/t8449" />
        <root url="file://C:/Developing/scala-2.11.8/scala-2.11.8/test/flaky/pos/t2868" />
        <root url="file://C:/Developing/scala-2.11.8/scala-2.11.8/test/instrumented/library" />
        <root url="file://C:/Developing/scala-2.11.8/scala-2.11.8/test/junit" />
        <root url="file://C:/Developing/scala-2.11.8/scala-2.11.8/test/pending/jvm/t2705" />
        <root url="file://C:/Developing/scala-2.11.8/scala-2.11.8/test/pending/pos/misc" />
        <root url="file://C:/Developing/scala-2.11.8/scala-2.11.8/test/pending/pos/t3943" />
        <root url="file://C:/Developing/scala-2.11.8/scala-2.11.8/test/pending/pos/t7778" />
        <root url="file://C:/Developing/scala-2.11.8/scala-2.11.8/test/pending/run/t3899" />
        <root url="file://C:/Developing/scala-2.11.8/scala-2.11.8/test/pending/run/t4713" />
        <root url="file://C:/Developing/scala-2.11.8/scala-2.11.8/test/support/annotations" />
      </SOURCES>
    </library>
  </component>
</application>