<application>
  <component name="AppStorage">
    <histories>
      <item value="Threshold" />
      <item value="dynamic" />
      <item value="bootstrap" />
      <item value="eliminated" />
      <item value="操作" />
      <item value="Category" />
      <item value="Read a text file from HDFS, a local file system (available on all nodes), or any * Hadoop-supported file system URI, and return it as an RDD of Strings." />
      <item value="preserves Partitioning" />
      <item value="preserves" />
      <item value="covariant" />
      <item value="Tuple" />
      <item value="阶乘" />
      <item value="递归" />
      <item value="运算" />
      <item value="变量" />
      <item value="scala" />
      <item value="metals" />
      <item value="equals" />
      <item value="google" />
    </histories>
    <option name="languageScores">
      <map>
        <entry key="CHINESE" value="12" />
        <entry key="ENGLISH" value="13" />
      </map>
    </option>
  </component>
</application>